"","name","country.etc","pop","lat","lon","capital"
"222","Abilene","USA",113888,32.45,-99.74,0
"747","Akron","USA",206634,41.08,-81.52,0
"811","Alameda","USA",70069,37.77,-122.26,0
"857","Albany","USA",45535,44.62,-123.09,0
"858","Albany","USA",75510,31.58,-84.18,0
"859","Albany","USA",93576,42.67,-73.8,0
"888","Albuquerque","USA",494962,35.12,-106.62,0
"965","Alexandria","USA",127159,38.82,-77.09,0
"966","Alexandria","USA",44933,31.29,-92.46,0
"1004","Alhambra","USA",88857,34.08,-118.13,0
"1032","Aliso Viejo","USA",41975,33.57,-117.73,0
"1052","Allen","USA",84467,33.11,-96.67,0
"1057","Allentown","USA",105224,40.6,-75.48,0
"1105","Aloha","USA",45531,45.49,-122.87,0
"1138","Altadena","USA",43280,34.19,-118.13,0
"1147","Altamonte Springs","USA",40712,28.66,-81.4,0
"1174","Altoona","USA",46442,40.51,-78.4,0
"1240","Amarillo","USA",183295,35.2,-101.82,0
"1305","Ames","USA",57683,42.02,-93.63,0
"1371","Anaheim","USA",334909,33.84,-117.87,0
"1426","Anderson","USA",57036,40.09,-85.69,0
"1441","Andover","USA",67715,42.65,-71.14,0
"1525","Ann Arbor","USA",113716,42.28,-83.73,0
"1534","Annandale","USA",57942,38.83,-77.21,0
"1603","Antioch","USA",109485,37.99,-121.8,0
"1697","Apple Valley","USA",51609,44.75,-93.2,0
"1698","Apple Valley","USA",66361,34.53,-117.21,0
"1699","Appleton","USA",70090,44.27,-88.4,0
"1819","Arcadia","USA",57429,34.13,-118.04,0
"1844","Arden-Arcade","USA",99968,38.6,-121.38,0
"1954","Arlington","USA",184603,38.88,-77.1,0
"1955","Arlington","USA",374729,32.69,-97.13,0
"1956","Arlington","USA",41246,42.42,-71.16,0
"1957","Arlington Heights","USA",74763,42.09,-87.98,0
"2088","Arvada","USA",101633,39.82,-105.11,0
"2155","Asheville","USA",68654,35.57,-82.55,0
"2204","Aspen Hill","USA",54029,39.09,-77.08,0
"2292","Athens-Clarke","USA",103618,33.95,-83.39,0
"2315","Atlanta","USA",424096,33.76,-84.42,0
"2316","Atlantic City","USA",40529,39.38,-74.45,0
"2334","Attleboro","USA",44690,41.93,-71.3,0
"2358","Auburn","USA",46108,47.3,-122.21,0
"2359","Auburn","USA",51236,32.59,-85.48,0
"2373","Augusta-Richmond","USA",192376,33.46,-81.99,0
"2403","Aurora","USA",181120,41.77,-88.29,0
"2404","Aurora","USA",304641,39.71,-104.73,0
"2406","Austin","USA",683404,30.31,-97.75,0
"2456","Avondale","USA",79125,33.42,-112.32,0
"2632","Azusa","USA",48992,34.14,-117.91,0
"2928","Bakersfield","USA",301775,35.36,-119,0
"3007","Baldwin Park","USA",81467,34.08,-117.97,0
"3086","Baltimore","USA",602658,39.3,-76.61,0
"3445","Barnstable Town","USA",49598,41.7,-70.3,0
"3499","Bartlett","USA",43852,35.22,-89.84,0
"3616","Baton Rouge","USA",222217,30.45,-91.13,0
"3630","Battle Creek","USA",54179,42.3,-85.23,0
"3690","Bayonne","USA",59482,40.66,-74.11,0
"3720","Baytown","USA",67487,29.75,-94.97,0
"3750","Beaumont","USA",110949,30.09,-94.14,0
"3758","Beavercreek","USA",41297,39.73,-84.06,0
"3761","Beaverton","USA",83920,45.48,-122.82,0
"3795","Bedford","USA",49572,32.85,-97.13,0
"3856","Bel Air South","USA",50874,39.5,-76.32,0
"3912","Bell Gardens","USA",46504,33.97,-118.15,0
"3926","Belleville","USA",40745,38.53,-90,0
"3928","Bellevue","USA",111896,47.6,-122.16,0
"3929","Bellevue","USA",48894,41.16,-95.92,0
"3931","Bellflower","USA",76437,33.89,-118.13,0
"3933","Bellingham","USA",74770,48.74,-122.47,0
"3983","Bend","USA",68945,44.07,-121.31,0
"4103","Berkeley","USA",99653,37.87,-122.27,0
"4149","Berwyn","USA",50904,41.84,-87.79,0
"4188","Bethesda","USA",52217,38.99,-77.12,0
"4190","Bethlehem","USA",74087,40.63,-75.37,0
"4213","Beverly","USA",40441,42.56,-70.84,0
"4408","Billerica","USA",40063,42.56,-71.26,0
"4411","Billings","USA",101249,45.79,-108.54,0
"4425","Biloxi","USA",47110,30.41,-88.93,0
"4458","Binghamton","USA",45070,42.1,-75.91,0
"4504","Birmingham","USA",229300,33.53,-86.8,0
"4548","Bismarck","USA",56927,46.81,-100.77,0
"4608","Blacksburg","USA",40303,37.23,-80.43,0
"4619","Blaine","USA",56140,45.17,-93.21,0
"4665","Bloomfield","USA",49358,40.81,-74.19,0
"4666","Bloomfield Township","USA",43032,42.58,-83.27,0
"4667","Bloomington","USA",71260,39.17,-86.52,0
"4668","Bloomington","USA",71804,40.48,-88.97,0
"4669","Bloomington","USA",80627,44.83,-93.32,0
"4678","Blue Springs","USA",50116,39.02,-94.27,0
"4719","Boca Raton","USA",81868,26.37,-80.11,0
"4813","Boise City","USA",193628,43.61,-116.23,0
"4859","Bolingbrook","USA",76994,41.7,-88.08,0
"4949","Bonita Springs","USA",43842,26.34,-81.79,0
"5090","Bossier City","USA",60142,32.52,-93.66,0
"5092","Boston","USA",567759,42.34,-71.02,0
"5129","Boulder","USA",90957,40.03,-105.25,0
"5138","Bountiful","USA",41622,40.88,-111.87,0
"5151","Bourne","USA",48580,41.74,-70.61,0
"5167","Bowie","USA",56949,38.96,-76.74,0
"5168","Bowling Green","USA",51999,36.97,-86.44,0
"5179","Boynton Beach","USA",67720,26.53,-80.08,0
"5207","Bradenton","USA",55606,27.49,-82.58,0
"5245","Brandon","USA",92728,27.93,-82.29,0
"5283","Brea","USA",40349,33.92,-117.87,0
"5310","Bremerton","USA",45306,47.55,-122.7,0
"5316","Brentwood","USA",52747,37.93,-121.71,0
"5317","Brentwood","USA",58954,40.78,-73.25,0
"5333","Brewster","USA",52153,41.77,-70.08,0
"5355","Brick","USA",82400,40.06,-74.11,0
"5359","Bridgeport","USA",138901,41.19,-73.2,0
"5363","Bridgewater","USA",50237,41.99,-70.97,0
"5393","Bristol","USA",61166,41.68,-72.94,0
"5412","Brockton","USA",94945,42.08,-71.03,0
"5419","Broken Arrow","USA",86817,36.04,-95.79,0
"5434","Brookfield","USA",40323,43.06,-88.12,0
"5436","Brookline","USA",55862,42.32,-71.14,0
"5437","Brooklyn Park","USA",67660,45.11,-93.35,0
"5441","Broomfield","USA",45869,39.94,-105.06,0
"5454","Brownsville","USA",174135,25.93,-97.48,0
"5510","Bryan","USA",70386,30.67,-96.37,0
"5609","Buena Park","USA",79388,33.86,-118,0
"5634","Buffalo","USA",276762,42.89,-78.86,0
"5635","Buffalo Grove","USA",43355,42.17,-87.96,0
"5785","Burbank","USA",105515,34.19,-118.33,0
"5825","Burke","USA",58270,38.78,-77.27,0
"5828","Burlington","USA",47290,36.08,-79.45,0
"5835","Burnsville","USA",59357,44.76,-93.28,0
"6209","Camarillo","USA",63560,34.22,-119.03,0
"6225","Cambridge","USA",101342,42.38,-71.12,0
"6231","Camden","USA",80393,39.94,-75.11,0
"6390","Canton","USA",77575,40.81,-81.37,0
"6391","Canton","USA",89064,42.31,-83.48,0
"6418","Cape Coral","USA",137134,26.64,-82,0
"6527","Carlsbad","USA",93848,33.12,-117.29,0
"6536","Carmel","USA",49188,39.97,-86.11,0
"6550","Carmichael","USA",51165,38.63,-121.32,0
"6561","Carol City","USA",63659,25.94,-80.27,0
"6562","Carol Stream","USA",39749,41.92,-88.13,0
"6593","Carrollton","USA",123154,32.99,-96.9,0
"6597","Carson","USA",96933,33.84,-118.26,0
"6598","Carson City","USA",58350,39.15,-119.74,0
"6618","Cary","USA",106117,35.78,-78.8,0
"6637","Casas Adobes","USA",84988,32.32,-110.99,0
"6664","Casper","USA",51808,42.83,-106.33,0
"6720","Castle Rock","USA",43905,39.38,-104.85,0
"6740","Castro Valley","USA",63908,37.71,-122.06,0
"6757","Catalina Foothills","USA",84369,32.3,-110.92,0
"6776","Cathedral City","USA",55253,33.83,-116.46,0
"6781","Catonsville","USA",43406,39.26,-76.74,0
"6843","Cedar Hill","USA",46869,32.58,-96.96,0
"6844","Cedar Park","USA",58499,30.51,-97.83,0
"6845","Cedar Rapids","USA",123243,41.97,-91.67,0
"6887","Centennial","USA",95961,39.6,-104.85,0
"6891","Centreville","USA",69167,38.85,-77.44,0
"6908","Ceres","USA",41223,37.6,-120.96,0
"6942","Cerritos","USA",53616,33.87,-118.07,0
"7084","Champaign","USA",76999,40.11,-88.26,0
"7098","Chandler","USA",247915,33.3,-111.87,0
"7136","Chantilly","USA",50103,38.88,-77.41,0
"7149","Chapel Hill","USA",47613,35.93,-79.04,0
"7172","Charleston","USA",106372,32.79,-79.99,0
"7173","Charleston","USA",49804,38.35,-81.63,0
"7177","Charlotte","USA",607111,35.2,-80.83,0
"7222","Chattanooga","USA",153617,35.07,-85.26,0
"7247","Cheektowaga","USA",76785,42.91,-78.75,0
"7302","Cherry Hill","USA",70489,39.9,-75,0
"7313","Chesapeake","USA",223222,36.68,-76.31,0
"7322","Chesterfield","USA",47202,38.65,-90.58,0
"7331","Cheyenne","USA",55833,41.15,-104.79,0
"7367","Chicago","USA",2830144,41.84,-87.68,0
"7382","Chico","USA",71997,39.75,-121.81,0
"7387","Chicopee","USA",55222,42.18,-72.57,0
"7460","Chino","USA",77147,34.01,-117.69,0
"7461","Chino Hills","USA",80817,33.97,-117.75,0
"7650","Chula Vista","USA",221736,32.63,-117.04,0
"7706","Cicero","USA",80414,41.84,-87.76,0
"7748","Cincinnati","USA",301561,39.14,-84.51,0
"7789","Citrus Heights","USA",90277,38.69,-121.29,0
"7833","Clarksville","USA",113379,36.56,-87.35,0
"7842","Clearwater","USA",107866,27.98,-82.77,0
"7854","Cleveland","USA",443949,41.48,-81.68,0
"7855","Cleveland Heights","USA",47123,41.51,-81.56,0
"7859","Clifton","USA",80446,40.86,-74.16,0
"7864","Clinton","USA",100517,42.59,-82.92,0
"7872","Clovis","USA",90115,36.82,-119.7,0
"7914","Coconut Creek","USA",51848,26.28,-80.18,0
"7932","Coeur d'Alene","USA",40270,47.7,-116.78,0
"7977","College Station","USA",80627,30.6,-96.31,0
"8014","Colorado Springs","USA",375744,38.86,-104.76,0
"8023","Colton","USA",53281,34.06,-117.32,0
"8024","Columbia","USA",118020,34.04,-80.89,0
"8025","Columbia","USA",92756,38.95,-92.33,0
"8026","Columbia","USA",97772,39.2,-76.86,0
"8027","Columbus","USA",184900,32.51,-84.87,0
"8028","Columbus","USA",39453,39.21,-85.91,0
"8029","Columbus","USA",741677,39.99,-82.99,0
"8067","Compton","USA",97338,33.89,-118.23,0
"8104","Concord","USA",126360,37.97,-122,0
"8105","Concord","USA",42967,43.23,-71.56,0
"8106","Concord","USA",61640,35.41,-80.59,0
"8129","Conroe","USA",42545,30.32,-95.47,0
"8160","Conway","USA",53297,35.09,-92.45,0
"8166","Coon Rapids","USA",62711,45.17,-93.31,0
"8181","Coppell","USA",40487,32.96,-96.99,0
"8189","Coral Gables","USA",42495,25.7,-80.26,0
"8190","Coral Springs","USA",134773,26.27,-80.26,0
"8254","Corona","USA",159198,33.87,-117.57,0
"8271","Corpus Christi","USA",280808,27.71,-97.29,0
"8295","Corvallis","USA",50932,44.57,-123.28,0
"8311","Costa Mesa","USA",109357,33.67,-117.91,0
"8342","Council Bluffs","USA",58834,41.24,-95.86,0
"8343","Country Club","USA",58321,25.95,-80.32,0
"8365","Covina","USA",49039,34.09,-117.88,0
"8366","Covington","USA",41896,39.04,-84.51,0
"8397","Cranston","USA",83595,41.77,-71.48,0
"8464","Crystal Lake","USA",41874,42.23,-88.33,0
"8562","Culver City","USA",40361,34.01,-118.4,0
"8581","Cupertino","USA",50952,37.31,-122.05,0
"8616","Cuyahoga Falls","USA",52223,41.17,-81.52,0
"8625","Cypress","USA",47521,33.82,-118.04,0
"8720","Dale City","USA",62241,38.65,-77.34,0
"8740","Dallas","USA",1216543,32.79,-96.77,0
"8756","Daly City","USA",98084,37.69,-122.47,0
"8789","Danbury","USA",79292,41.4,-73.47,0
"8821","Danville","USA",43110,37.81,-121.97,0
"8822","Danville","USA",45382,36.58,-79.41,0
"8930","Davenport","USA",96595,41.56,-90.6,0
"8936","Davie","USA",84154,26.08,-80.29,0
"8937","Davis","USA",66992,38.55,-121.74,0
"8978","Dayton","USA",157607,39.78,-84.2,0
"8979","Daytona Beach","USA",64735,29.19,-81.05,0
"8991","DeKalb","USA",44223,41.93,-88.75,0
"8992","DeSoto","USA",47179,32.6,-96.86,0
"8994","Dearborn","USA",94681,42.31,-83.21,0
"8995","Dearborn Heights","USA",55964,42.33,-83.27,0
"9014","Decatur","USA",54717,34.57,-86.99,0
"9015","Decatur","USA",77026,39.85,-88.93,0
"9028","Deerfield Beach","USA",66628,26.31,-80.12,0
"9063","Delano","USA",45933,35.76,-119.25,0
"9092","Delray Beach","USA",66633,26.45,-80.09,0
"9094","Deltona","USA",84646,28.91,-81.21,0
"9131","Dennis","USA",39833,41.74,-70.2,0
"9137","Denton","USA",105431,33.21,-97.13,0
"9138","Denver","USA",556575,39.77,-104.87,0
"9173","Des Moines","USA",192050,41.58,-93.62,0
"9174","Des Plaines","USA",53601,42.03,-87.9,0
"9207","Detroit","USA",871789,42.38,-83.1,0
"9280","Diamond Bar","USA",59433,34,-117.81,0
"9734","Dothan","USA",62449,31.24,-85.41,0
"9760","Downers Grove","USA",49471,41.8,-88.02,0
"9761","Downey","USA",112762,33.94,-118.13,0
"9865","Dublin","USA",40791,37.72,-121.91,0
"9882","Dubuque","USA",57027,42.5,-90.69,0
"9925","Duluth","USA",84472,46.78,-92.12,0
"9965","Dundalk","USA",61426,39.27,-76.5,0
"10012","Durham","USA",208426,35.98,-78.91,0
"10037","Duxbury","USA",44473,42.04,-70.67,0
"10084","Eagan","USA",64393,44.82,-93.16,0
"10089","East Brunswick","USA",48799,40.43,-74.42,0
"10094","East Hartford","USA",50209,41.76,-72.62,0
"10096","East Lake","USA",47720,27.98,-82.38,0
"10097","East Lansing","USA",48618,42.74,-84.48,0
"10099","East Los Angeles","USA",125121,34.03,-118.17,0
"10101","East Orange","USA",68064,40.77,-74.21,0
"10102","East Providence","USA",50750,41.8,-71.36,0
"10107","Eau Claire","USA",63049,44.82,-91.49,0
"10163","Eden Prairie","USA",65076,44.85,-93.46,0
"10170","Edina","USA",45648,44.89,-93.36,0
"10171","Edinburg","USA",63193,26.3,-98.16,0
"10177","Edison","USA",103448,40.53,-74.37,0
"10179","Edmond","USA",75061,35.67,-97.41,0
"10180","Edmonds","USA",40023,47.83,-122.37,0
"10218","Egypt Lake-Leto","USA",49538,28.02,-82.5,0
"10313","El Cajon","USA",94767,32.8,-116.96,0
"10419","El Mirage","USA",42234,33.6,-112.32,0
"10423","El Monte","USA",127195,34.07,-118.03,0
"10440","El Paso","USA",603545,31.85,-106.44,0
"10558","Eldersburg","USA",41194,39.41,-76.94,0
"10582","Elgin","USA",99411,42.04,-88.29,0
"10593","Elizabeth","USA",124552,40.67,-74.19,0
"10596","Elk Grove","USA",99467,38.4,-121.37,0
"10599","Elkhart","USA",51198,41.69,-85.97,0
"10606","Ellicott City","USA",68337,39.27,-76.83,0
"10615","Elmhurst","USA",45463,41.9,-87.94,0
"10639","Elyria","USA",55811,41.38,-82.11,0
"10685","Encinitas","USA",62273,33.05,-117.26,0
"10715","Enid","USA",45935,36.41,-97.87,0
"10820","Erie","USA",98968,42.13,-80.09,0
"10894","Escondido","USA",137823,33.14,-117.07,0
"11017","Euclid","USA",49602,41.59,-81.52,0
"11019","Eugene","USA",146483,44.05,-123.11,0
"11022","Euless","USA",54705,32.85,-97.08,0
"11037","Evanston","USA",75419,42.05,-87.69,0
"11038","Evansville","USA",114237,37.98,-87.54,0
"11043","Everett","USA",97575,47.96,-122.2,0
"11126","Fairfield","USA",107749,38.25,-122.04,0
"11127","Fairfield","USA",43279,39.33,-84.54,0
"11128","Fairfield","USA",59352,41.13,-73.26,0
"11171","Fall River","USA",93128,41.71,-71.11,0
"11175","Falmouth","USA",90561,41.55,-70.6,0
"11222","Fargo","USA",92396,46.88,-96.82,0
"11237","Farmington","USA",44278,36.75,-108.19,0
"11238","Farmington Hills","USA",79530,42.49,-83.38,0
"11289","Fayetteville","USA",124919,35.07,-78.9,0
"11290","Fayetteville","USA",66288,36.07,-94.16,0
"11301","Federal Way","USA",80336,47.31,-122.34,0
"11462","Findlay","USA",40571,41.04,-83.64,0
"11497","Fishers","USA",58678,39.95,-86.02,0
"11498","Fitchburg","USA",40565,42.59,-71.82,0
"11509","Flagstaff","USA",58490,35.19,-111.62,0
"11533","Flint","USA",115691,43.02,-83.69,0
"11543","Florence-Graham","USA",63012,33.97,-118.24,0
"11571","Florissant","USA",51644,38.8,-90.32,0
"11574","Flower Mound","USA",70449,33.03,-97.09,0
"11615","Folsom","USA",71775,38.68,-121.15,0
"11620","Fond du Lac","USA",41787,43.77,-88.45,0
"11634","Fontana","USA",178257,34.1,-117.46,0
"11676","Fort Collins","USA",131505,40.56,-105.07,0
"11680","Fort Lauderdale","USA",173597,26.14,-80.14,0
"11683","Fort Myers","USA",53961,26.63,-81.85,0
"11689","Fort Smith","USA",82304,35.37,-94.38,0
"11690","Fort Wayne","USA",231147,41.07,-85.14,0
"11693","Fort Worth","USA",633849,32.75,-97.34,0
"11728","Fountain Valley","USA",56318,33.71,-117.95,0
"11729","Fountainbleau","USA",67124,25.77,-80.35,0
"11746","Framingham","USA",65103,42.31,-71.44,0
"11759","Franconia","USA",42105,38.76,-77.15,0
"11771","Franklin","USA",51478,35.93,-86.84,0
"11796","Frederick","USA",58271,39.43,-77.42,0
"11806","Freeport","USA",43377,40.65,-73.58,0
"11823","Fremont","USA",202574,37.53,-122,0
"11831","Fresno","USA",472517,36.78,-119.79,0
"11846","Frisco","USA",80192,33.14,-96.81,0
"11934","Fullerton","USA",137126,33.88,-117.93,0
"12040","Gainesville","USA",127933,29.67,-82.34,0
"12047","Gaithersburg","USA",61649,39.14,-77.22,0
"12103","Galveston","USA",56205,29.3,-94.81,0
"12194","Garden Grove","USA",167647,33.78,-117.96,0
"12195","Gardena","USA",61550,33.89,-118.3,0
"12215","Garland","USA",217609,32.91,-96.63,0
"12237","Gary","USA",96950,41.6,-87.34,0
"12249","Gastonia","USA",67937,35.25,-81.17,0
"12411","Georgetown","USA",41398,30.65,-97.69,0
"12438","Germantown","USA",66720,39.18,-77.26,0
"12528","Gilbert","USA",186332,33.33,-111.76,0
"12537","Gilroy","USA",46107,37.01,-121.58,0
"12627","Glen Burnie","USA",40546,39.17,-76.6,0
"12630","Glendale","USA",204747,34.18,-118.25,0
"12631","Glendale","USA",244734,33.58,-112.2,0
"12633","Glendora","USA",51929,34.15,-117.84,0
"12636","Glenview","USA",47479,42.08,-87.82,0
"12784","Goodyear","USA",49748,33.35,-112.41,0
"12965","Grand Forks","USA",48195,47.92,-97.07,0
"12967","Grand Island","USA",45052,40.92,-98.37,0
"12968","Grand Junction","USA",46350,39.09,-108.55,0
"12970","Grand Prairie","USA",144018,32.69,-97.02,0
"12971","Grand Rapids","USA",193006,42.96,-85.66,0
"13001","Grapevine","USA",51334,32.93,-97.07,0
"13023","Great Falls","USA",55908,47.5,-111.29,0
"13031","Greater Carrollwood","USA",42586,28.07,-82.52,0
"13037","Greeley","USA",88957,40.42,-104.74,0
"13038","Green Bay","USA",100616,44.52,-87.99,0
"13042","Greensboro","USA",233342,36.08,-79.83,0
"13043","Greenville","USA",55421,34.84,-82.37,0
"13044","Greenville","USA",72617,35.6,-77.37,0
"13045","Greenwich","USA",64100,41.04,-73.59,0
"13046","Greenwood","USA",42298,39.62,-86.11,0
"13060","Gresham","USA",100674,45.5,-122.44,0
"13397","Gulfport","USA",71400,30.39,-89.07,0
"13575","Hacienda Heights","USA",54439,34,-117.97,0
"13579","Hackensack","USA",43923,40.89,-74.05,0
"13743","Haltom City","USA",42053,32.82,-97.27,0
"13763","Hamden","USA",60388,41.37,-72.89,0
"13776","Hamilton","USA",61527,39.39,-84.56,0
"13777","Hamilton","USA",91245,40.09,-74.39,0
"13800","Hammond","USA",78051,41.62,-87.49,0
"13809","Hampton","USA",148201,37.05,-76.29,0
"13830","Hanford","USA",48892,36.33,-119.65,0
"13919","Harlingen","USA",64198,26.2,-97.69,0
"13935","Harrisburg","USA",47576,40.28,-76.88,0
"13937","Harrisonburg","USA",41992,38.44,-78.87,0
"13949","Hartford","USA",123836,41.77,-72.68,0
"14022","Hattiesburg","USA",48728,31.31,-89.31,0
"14056","Haverhill","USA",61928,42.78,-71.09,0
"14073","Hawthorne","USA",87677,33.91,-118.35,0
"14097","Hayward","USA",140704,37.63,-122.1,0
"14201","Hemet","USA",71300,33.73,-117,0
"14206","Hempstead","USA",52769,40.7,-73.62,0
"14214","Henderson","USA",255646,36.03,-115,0
"14215","Hendersonville","USA",45358,36.29,-86.6,0
"14308","Hesperia","USA",75966,34.42,-117.3,0
"14331","Hialeah","USA",224644,25.86,-80.3,0
"14333","Hickory","USA",40968,35.74,-81.33,0
"14334","Hicksville","USA",41452,40.76,-73.53,0
"14354","High Point","USA",96011,35.98,-80,0
"14360","Highland","USA",52692,34.12,-117.19,0
"14361","Highlands Ranch","USA",109009,39.55,-104.97,0
"14380","Hillsboro","USA",85046,45.53,-122.94,0
"14383","Hilo","USA",43466,19.7,-155.09,0
"14411","Hingham","USA",41654,42.24,-70.89,0
"14503","Hoboken","USA",39972,40.74,-74.03,0
"14534","Hoffman Estates","USA",50674,42.06,-88.14,0
"14585","Hollywood","USA",145877,26.03,-80.16,0
"14605","Holyoke","USA",40143,42.21,-72.64,0
"14647","Honolulu","USA",386345,21.32,-157.8,0
"14651","Hoover","USA",67576,33.38,-86.82,0
"14770","Houston","USA",2043005,29.77,-95.39,0
"14997","Huntersville","USA",43970,35.41,-80.86,0
"15001","Huntington","USA",47905,38.41,-82.43,0
"15002","Huntington Beach","USA",197124,33.69,-118.01,0
"15003","Huntington Park","USA",64308,33.98,-118.22,0
"15006","Huntsville","USA",169155,34.71,-86.63,0
"15039","Hutchinson","USA",40386,38.07,-97.91,0
"15140","Idaho Falls","USA",52431,43.49,-112.03,0
"15408","Independence","USA",110124,39.09,-94.35,0
"15414","Indianapolis","USA",771725,39.78,-86.15,0
"15416","Indio","USA",69736,33.72,-116.23,0
"15434","Inglewood","USA",116797,33.96,-118.34,0
"15495","Iowa City","USA",64490,41.66,-91.54,0
"15541","Irondequoit","USA",51825,43.21,-77.57,0
"15557","Irvine","USA",199755,33.66,-117.8,0
"15558","Irving","USA",194407,32.86,-96.97,0
"15559","Irvington","USA",61373,40.72,-74.23,0
"15881","Jackson","USA",175085,32.32,-90.21,0
"15882","Jackson","USA",62552,35.63,-88.83,0
"15883","Jacksonville","USA",68201,34.76,-77.4,0
"15884","Jacksonville","USA",809874,30.33,-81.66,0
"16022","Janesville","USA",61952,42.68,-89.02,0
"16194","Jersey City","USA",237125,40.71,-74.06,0
"16393","Johnson City","USA",59183,36.33,-82.37,0
"16404","Joliet","USA",141246,41.53,-88.12,0
"16416","Jonesboro","USA",59233,35.82,-90.69,0
"16425","Joplin","USA",47060,37.08,-94.5,0
"16532","Jupiter","USA",51126,26.92,-80.1,0
"16786","Kalamazoo","USA",73504,42.27,-85.59,0
"17101","Kansas City","USA",143402,39.12,-94.73,0
"17102","Kansas City","USA",441833,39.12,-94.55,0
"17680","Keller","USA",39928,32.93,-97.23,0
"17717","Kendale Lakes","USA",62715,25.71,-80.41,0
"17718","Kendall","USA",84549,25.67,-80.34,0
"17734","Kenner","USA",69514,29.99,-90.25,0
"17735","Kennewick","USA",63593,46.2,-119.17,0
"17737","Kenosha","USA",94673,42.58,-87.85,0
"17741","Kent","USA",82896,47.39,-122.24,0
"17745","Kentwood","USA",47421,42.88,-85.59,0
"17818","Kettering","USA",55473,39.7,-84.15,0
"18071","Killeen","USA",106441,31.1,-97.72,0
"18127","Kingsport","USA",43776,36.53,-82.56,0
"18198","Kirkland","USA",45913,47.68,-122.19,0
"18270","Kissimmee","USA",67085,28.3,-81.41,0
"18422","Knoxville","USA",172000,35.97,-83.95,0
"18536","Kokomo","USA",46130,40.48,-86.13,0
"19676","La Crosse","USA",50147,43.83,-91.23,0
"19727","La Habra","USA",59799,33.93,-117.95,0
"19770","La Mesa","USA",53942,32.77,-117.02,0
"19773","La Mirada","USA",50598,33.9,-118.01,0
"19822","La Puente","USA",42901,34.03,-117.95,0
"19825","La Quinta","USA",41239,33.67,-116.29,0
"19966","Lafayette","USA",112317,30.22,-92.03,0
"19967","Lafayette","USA",62589,40.41,-86.87,0
"19997","Laguna","USA",49714,38.42,-121.42,0
"19998","Laguna Niguel","USA",67009,33.53,-117.7,0
"20049","Lake Charles","USA",69910,30.21,-93.2,0
"20052","Lake Elsinore","USA",43336,33.67,-117.32,0
"20053","Lake Forest","USA",76859,33.63,-117.7,0
"20054","Lake Havasu City","USA",57685,34.5,-114.31,0
"20055","Lake Magdalene","USA",40413,28.07,-82.47,0
"20058","Lakeland","USA",92011,28.04,-81.96,0
"20062","Lakeville","USA",52745,44.68,-93.24,0
"20064","Lakewood","USA",140154,39.7,-105.11,0
"20065","Lakewood","USA",43436,40.09,-74.21,0
"20066","Lakewood","USA",51999,41.48,-81.8,0
"20067","Lakewood","USA",58995,47.16,-122.53,0
"20068","Lakewood","USA",82632,33.85,-118.12,0
"20146","Lancaster","USA",131779,34.69,-118.18,0
"20147","Lancaster","USA",54390,40.04,-76.3,0
"20214","Lansing","USA",117236,42.71,-84.55,0
"20257","Laredo","USA",218041,27.53,-99.49,0
"20261","Largo","USA",71688,27.91,-82.78,0
"20281","Las Cruces","USA",81473,32.34,-106.76,0
"20319","Las Vegas","USA",553807,36.21,-115.22,0
"20354","Lauderhill","USA",60308,26.17,-80.23,0
"20408","Lawrence","USA",42451,39.87,-85.99,0
"20409","Lawrence","USA",72669,42.7,-71.16,0
"20410","Lawrence","USA",83948,38.96,-95.26,0
"20412","Lawton","USA",91453,34.6,-98.42,0
"20416","Layton","USA",63096,41.08,-111.95,0
"20483","League City","USA",65696,29.49,-95.11,0
"20524","Lee's Summit","USA",83837,38.92,-94.38,0
"20550","Lehigh Acres","USA",52474,26.6,-81.63,0
"20636","Lenexa","USA",43935,38.96,-94.79,0
"20678","Leominster","USA",42479,42.52,-71.77,0
"20817","Levittown","USA",52390,40.72,-73.51,0
"20818","Levittown","USA",52889,40.15,-74.85,0
"20824","Lewisville","USA",97496,33.04,-96.98,0
"20825","Lexington","USA",274245,38.04,-84.46,0
"20967","Lima","USA",39543,40.74,-84.11,0
"21018","Lincoln","USA",245301,40.82,-96.69,0
"21019","Lincoln","USA",40805,38.89,-121.3,0
"21027","Linden","USA",39964,40.63,-74.24,0
"21138","Little Rock","USA",184323,34.72,-92.35,0
"21140","Littleton","USA",41063,39.59,-105.01,0
"21163","Livermore","USA",81787,37.69,-121.76,0
"21173","Livonia","USA",97722,42.4,-83.37,0
"21248","Lodi","USA",64068,38.12,-121.29,0
"21261","Logan","USA",45262,41.74,-111.84,0
"21322","Lombard","USA",42917,41.87,-88.01,0
"21333","Lompoc","USA",40924,34.66,-120.47,0
"21349","Long Beach","USA",486571,33.79,-118.16,0
"21367","Longmont","USA",85988,40.17,-105.11,0
"21375","Longview","USA",76372,32.52,-94.76,0
"21408","Lorain","USA",67692,41.44,-82.18,0
"21436","Los Angeles","USA",3911500,34.11,-118.41,0
"21510","Louisville","USA",241072,38.22,-85.74,0
"21536","Loveland","USA",61578,40.42,-105.07,0
"21546","Lowell","USA",103085,42.64,-71.32,0
"21548","Lower Merion","USA",60579,40.03,-75.28,0
"21583","Lubbock","USA",213587,33.58,-101.88,0
"21815","Lynchburg","USA",65485,37.4,-79.19,0
"21819","Lynn","USA",89786,42.47,-70.96,0
"21820","Lynwood","USA",72890,33.92,-118.2,0
"21918","MacAllen","USA",125985,26.22,-98.24,0
"21920","MacKinney","USA",108976,33.2,-96.65,0
"21921","MacLean","USA",39731,38.94,-77.18,0
"21970","Macon","USA",93755,32.84,-83.66,0
"21997","Madera","USA",53222,36.97,-120.08,0
"22022","Madison","USA",227642,43.08,-89.39,0
"22023","Madison","USA",39516,34.7,-86.75,0
"22341","Malden","USA",55066,42.43,-71.06,0
"22478","Manchester","USA",110384,42.98,-71.44,0
"22547","Manhattan","USA",45671,39.19,-96.59,0
"22605","Mansfield","USA",50010,40.76,-82.53,0
"22611","Manteca","USA",69588,37.8,-121.22,0
"22658","Maple Grove","USA",62021,45.11,-93.46,0
"22756","Margate","USA",55844,26.25,-80.21,0
"22794","Marietta","USA",61946,33.95,-84.54,0
"22901","Marshfield","USA",60784,42.09,-70.71,0
"23311","Medford","USA",53579,42.42,-71.11,0
"23312","Medford","USA",70717,42.34,-122.85,0
"23414","Melbourne","USA",77320,28.11,-80.64,0
"23471","Memphis","USA",639736,35.11,-90.01,0
"23511","Mentor","USA",49597,41.69,-81.33,0
"23527","Merced","USA",74415,37.3,-120.48,0
"23556","Meriden","USA",59558,41.54,-72.8,0
"23557","Meridian","USA",48376,43.61,-116.4,0
"23585","Mesa","USA",461167,33.42,-111.74,0
"23599","Mesquite","USA",132746,32.77,-96.6,0
"23611","Metairie","USA",141606,30,-90.18,0
"23621","Methuen","USA",45666,42.73,-71.19,0
"23706","Miami","USA",386740,25.78,-80.21,0
"23707","Miami Beach","USA",89531,25.81,-80.14,0
"23742","Middletown","USA",51189,41.55,-72.65,0
"23743","Middletown","USA",53027,39.51,-84.37,0
"23748","Midland","USA",42516,43.62,-84.23,0
"23749","Midland","USA",98261,32.03,-102.1,0
"23757","Midwest City","USA",55090,35.46,-97.37,0
"23837","Milford","USA",51360,41.23,-73.06,0
"23863","Milpitas","USA",62671,37.43,-121.89,0
"23868","Milwaukee","USA",575250,43.06,-87.97,0
"23914","Minneapolis","USA",364726,44.96,-93.27,0
"23917","Minnetonka","USA",49918,44.93,-93.46,0
"23954","Miramar","USA",123116,25.98,-80.33,0
"24011","Mishawaka","USA",49534,41.67,-86.17,0
"24023","Mission","USA",65215,26.21,-98.32,0
"24024","Mission Viejo","USA",97001,33.61,-117.65,0
"24028","Missoula","USA",64391,46.87,-114.01,0
"24029","Missouri City","USA",73529,29.57,-95.54,0
"24143","Mobile","USA",188467,30.68,-88.09,0
"24161","Modesto","USA",221674,37.66,-120.99,0
"24274","Moline","USA",42427,41.49,-90.49,0
"24365","Monroe","USA",51292,32.51,-92.08,0
"24398","Montclair","USA",39801,40.82,-74.21,0
"24418","Montebello","USA",64727,34.02,-118.11,0
"24444","Monterey Park","USA",63766,34.05,-118.13,0
"24466","Montgomery","USA",197653,32.35,-86.28,0
"24467","Montgomery Village","USA",42453,39.18,-77.19,0
"24501","Moore","USA",48749,35.33,-97.47,0
"24564","Moreno Valley","USA",174068,33.93,-117.21,0
"24708","Mount Pleasant","USA",61690,32.82,-79.86,0
"24709","Mount Prospect","USA",55100,42.07,-87.94,0
"24710","Mount Vernon","USA",68048,40.91,-73.83,0
"24713","Mountain View","USA",67788,37.4,-122.08,0
"24893","Muncie","USA",64771,40.2,-85.39,0
"24940","Murfreesboro","USA",88161,35.85,-86.39,0
"24967","Murray","USA",56848,40.65,-111.89,0
"24970","Murrieta","USA",97999,33.56,-117.21,0
"24994","Muskegon","USA",40058,43.23,-86.26,0
"25313","Nampa","USA",77893,43.58,-116.56,0
"25395","Napa","USA",77884,38.3,-122.3,0
"25399","Naperville","USA",147178,41.76,-88.15,0
"25464","Nashua","USA",87113,42.75,-71.49,0
"25465","Nashville","USA",523547,36.17,-86.78,0
"25491","National City","USA",64065,32.67,-117.1,0
"25858","New Bedford","USA",94039,41.66,-70.94,0
"25859","New Braunfels","USA",47533,29.7,-98.12,0
"25860","New Britain","USA",71362,41.68,-72.79,0
"25861","New Brunswick","USA",51044,40.49,-74.45,0
"25866","New Haven","USA",125030,41.31,-72.92,0
"25867","New Milford","USA",58524,41.58,-73.41,0
"25871","New Orleans","USA",454207,30.07,-89.93,0
"25874","New Rochelle","USA",72865,40.92,-73.78,0
"25878","New York","USA",8124427,40.67,-73.94,0
"25880","Newark","USA",281378,40.72,-74.17,0
"25881","Newark","USA",43018,37.52,-122.03,0
"25882","Newark","USA",46870,40.07,-82.42,0
"25899","Newport Beach","USA",79305,33.61,-117.87,0
"25900","Newport News","USA",183941,37.08,-76.51,0
"25904","Newton","USA",84969,42.33,-71.21,0
"25978","Niagara Falls","USA",52509,43.09,-79.02,0
"26301","Norfolk","USA",248182,36.92,-76.24,0
"26304","Normal","USA",52497,40.52,-89,0
"26305","Norman","USA",102925,35.23,-97.34,0
"26320","North Atlanta","USA",45739,33.86,-84.33,0
"26324","North Bergen","USA",64575,40.79,-74.03,0
"26325","North Bethesda","USA",45600,39.04,-77.12,0
"26326","North Brunswick Township","USA",39567,40.45,-74.48,0
"26327","North Charleston","USA",83247,32.91,-80.04,0
"26330","North Fort Myers","USA",47790,26.71,-81.89,0
"26331","North Highlands","USA",46156,38.67,-121.38,0
"26332","North Las Vegas","USA",177751,36.27,-115.14,0
"26333","North Little Rock","USA",58771,34.79,-92.26,0
"26334","North Miami","USA",58238,25.9,-80.17,0
"26335","North Miami Beach","USA",39551,25.93,-80.17,0
"26336","North Port","USA",41919,27.05,-82.19,0
"26337","North Richland Hills","USA",64317,32.86,-97.22,0
"26349","Norwalk","USA",110002,33.91,-118.08,0
"26350","Norwalk","USA",84801,41.09,-73.42,0
"26421","Novato","USA",49005,38.09,-122.56,0
"26439","Novi","USA",55079,42.48,-83.49,0
"26747","O'Fallon","USA",79091,38.78,-90.71,0
"26749","Oak Lawn","USA",54638,41.72,-87.75,0
"26750","Oak Park","USA",48922,41.89,-87.79,0
"26753","Oakland","USA",393632,37.77,-122.22,0
"26824","Ocala","USA",50241,29.19,-82.13,0
"26830","Oceanside","USA",172251,33.23,-117.31,0
"26873","Odessa","USA",91246,31.87,-102.35,0
"26919","Ogden","USA",78572,41.23,-111.97,0
"27009","Oklahoma City","USA",538141,35.47,-97.51,0
"27038","Olathe","USA",118165,38.89,-94.81,0
"27134","Olympia","USA",45403,47.04,-122.89,0
"27140","Omaha","USA",417809,41.26,-96.01,0
"27211","Ontario","USA",175805,34.05,-117.61,0
"27271","Orange","USA",134868,33.81,-117.82,0
"27314","Orem","USA",94758,40.3,-111.7,0
"27354","Orland Park","USA",56731,41.61,-87.85,0
"27356","Orlando","USA",211226,28.5,-81.37,0
"27451","Oshkosh","USA",62967,44.02,-88.55,0
"27651","Overland Park","USA",169520,38.91,-94.68,0
"27665","Owensboro","USA",54513,37.76,-87.12,0
"27676","Oxnard","USA",190658,34.2,-119.21,0
"27811","Pahrump","USA",44614,36.2,-115.99,0
"27913","Palatine","USA",68308,42.11,-88.04,0
"27953","Palm Bay","USA",91080,27.99,-80.66,0
"27954","Palm Beach Gardens","USA",50768,26.84,-80.12,0
"27955","Palm Coast","USA",43487,29.57,-81.21,0
"27956","Palm Desert","USA",50126,33.73,-116.38,0
"27957","Palm Harbor","USA",65500,28.09,-82.76,0
"27958","Palm Springs","USA",47434,33.78,-116.53,0
"27973","Palmdale","USA",139337,34.61,-118.09,0
"27990","Palo Alto","USA",56084,37.4,-122.14,0
"28178","Paradise","USA",221051,36.08,-115.13,0
"28208","Paramount","USA",57672,33.9,-118.16,0
"28254","Parker","USA",45478,39.51,-104.76,0
"28259","Parkway-South Sacramento","USA",39984,38.51,-121.45,0
"28263","Parma","USA",81917,41.38,-81.73,0
"28283","Parsippany-Troy Hills Township","USA",52051,40.86,-74.42,0
"28300","Pasadena","USA",145351,29.66,-95.15,0
"28301","Pasadena","USA",146676,34.16,-118.14,0
"28309","Pasco","USA",45774,46.25,-119.13,0
"28331","Passaic","USA",69035,40.86,-74.13,0
"28363","Paterson","USA",151523,40.91,-74.16,0
"28434","Pawtucket","USA",75297,41.87,-71.37,0
"28457","Peabody","USA",50698,42.53,-70.97,0
"28460","Pearland","USA",59287,29.56,-95.28,0
"28549","Pembroke Pines","USA",160157,26.01,-80.34,0
"28573","Penn Hills","USA",44124,40.48,-79.83,0
"28578","Pensacola","USA",53652,30.44,-87.19,0
"28590","Peoria","USA",112894,40.74,-89.61,0
"28591","Peoria","USA",146634,33.69,-112.24,0
"28673","Perris","USA",48555,33.79,-117.22,0
"28682","Perth Amboy","USA",49448,40.52,-74.27,0
"28727","Petaluma","USA",55536,38.24,-122.63,0
"28840","Pharr","USA",63806,26.18,-98.19,0
"28849","Philadelphia","USA",1439814,40.01,-75.13,0
"28857","Phoenix","USA",1450884,33.54,-112.07,0
"28895","Pico Rivera","USA",66874,33.99,-118.09,0
"29029","Pine Bluff","USA",52802,34.21,-92.02,0
"29030","Pine Hills","USA",46248,28.58,-81.46,0
"29032","Pinellas Park","USA",46469,27.86,-82.71,0
"29154","Pittsburg","USA",64106,38.02,-121.89,0
"29155","Pittsburgh","USA",316272,40.44,-79.98,0
"29156","Pittsfield","USA",43821,42.45,-73.26,0
"29170","Placentia","USA",49679,33.88,-117.85,0
"29180","Plainfield","USA",47769,40.62,-74.42,0
"29196","Plano","USA",260415,33.05,-96.75,0
"29197","Plantation","USA",86330,26.13,-80.26,0
"29223","Pleasanton","USA",67119,37.67,-121.89,0
"29256","Plymouth","USA",133313,41.96,-70.67,0
"29257","Plymouth","USA",73505,45.02,-93.46,0
"29268","Pocatello","USA",50496,42.88,-112.47,0
"29441","Pomona","USA",157501,34.06,-117.76,0
"29444","Pompano Beach","USA",90446,26.24,-80.13,0
"29496","Pontiac","USA",67952,42.65,-83.29,0
"29557","Port Arthur","USA",56728,29.9,-93.93,0
"29560","Port Charlotte","USA",49840,26.99,-82.11,0
"29584","Port Orange","USA",55891,29.11,-81.01,0
"29589","Port Saint Lucie","USA",126377,27.28,-80.35,0
"29610","Portage","USA",46666,42.2,-85.59,0
"29618","Porterville","USA",45703,36.06,-119.03,0
"29626","Portland","USA",542751,45.54,-122.66,0
"29627","Portland","USA",62882,43.66,-70.28,0
"29665","Portsmouth","USA",98664,36.86,-76.36,0
"29705","Potomac","USA",45119,39.03,-77.2,0
"29743","Poway","USA",49943,32.99,-117.02,0
"29820","Prescott","USA",41432,34.58,-112.45,0
"29941","Providence","USA",178295,41.82,-71.42,0
"29945","Provo","USA",105832,40.25,-111.64,0
"30005","Pueblo","USA",104659,38.27,-104.62,0
"30512","Quincy","USA",39549,39.93,-91.39,0
"30513","Quincy","USA",89347,42.26,-71.01,0
"30589","Racine","USA",78703,42.73,-87.81,0
"30729","Raleigh","USA",350822,35.82,-78.66,0
"30786","Rancho Cordova","USA",59972,38.6,-121.3,0
"30787","Rancho Cucamonga","USA",177721,34.12,-117.57,0
"30789","Rancho Palos Verdes","USA",42966,33.76,-118.36,0
"30790","Rancho Santa Margarita","USA",52447,33.64,-117.6,0
"30840","Rapid City","USA",62302,44.08,-103.23,0
"30951","Reading","USA",79476,40.34,-75.93,0
"30977","Redan","USA",40141,33.74,-84.16,0
"30981","Redding","USA",93865,40.57,-122.36,0
"30984","Redford","USA",49542,42.39,-83.29,0
"30987","Redlands","USA",71605,34.06,-117.17,0
"30988","Redmond","USA",47662,47.67,-122.11,0
"30992","Redondo Beach","USA",68669,33.86,-118.38,0
"30995","Redwood City","USA",71340,37.52,-122.21,0
"31078","Reno","USA",206626,39.54,-119.82,0
"31081","Renton","USA",57369,47.48,-122.2,0
"31107","Reston","USA",61977,38.95,-77.35,0
"31129","Revere","USA",46259,42.42,-70.99,0
"31169","Rialto","USA",103423,34.11,-117.39,0
"31201","Richardson","USA",107481,32.97,-96.71,0
"31204","Richland","USA",46156,46.29,-119.29,0
"31210","Richmond","USA",103818,37.95,-122.36,0
"31211","Richmond","USA",189498,37.53,-77.47,0
"31319","Rio Rancho","USA",66833,35.27,-106.66,0
"31396","Riverside","USA",306351,33.94,-117.4,0
"31426","Roanoke","USA",90410,37.28,-79.96,0
"31451","Rochester","USA",209587,43.17,-77.62,0
"31452","Rochester","USA",98227,44.01,-92.48,0
"31453","Rochester Hills","USA",68879,42.67,-83.16,0
"31456","Rock Hill","USA",61899,34.94,-81.03,0
"31458","Rockford","USA",153148,42.27,-89.06,0
"31461","Rocklin","USA",59546,38.8,-121.24,0
"31462","Rockville","USA",63516,39.08,-77.15,0
"31464","Rocky Mount","USA",56008,35.96,-77.81,0
"31502","Rogers","USA",46984,36.33,-94.13,0
"31515","Rohnert Park","USA",41154,38.35,-122.7,0
"31561","Romeoville","USA",46960,41.65,-88.09,0
"31644","Rosemead","USA",56542,34.07,-118.08,0
"31652","Roseville","USA",120444,38.76,-121.29,0
"31653","Roseville","USA",47190,42.51,-82.94,0
"31687","Roswell","USA",43788,33.37,-104.53,0
"31688","Roswell","USA",76825,34.04,-84.36,0
"31715","Round Rock","USA",95330,30.52,-97.67,0
"31732","Rowland Heights","USA",53112,33.98,-117.89,0
"31733","Rowlett","USA",57174,32.91,-96.55,0
"31741","Royal Oak","USA",57043,42.51,-83.15,0
"32039","Sacramento","USA",480392,38.57,-121.47,0
"32095","Saginaw","USA",56685,43.42,-83.95,0
"32145","Saint Charles","USA",62284,38.79,-90.52,0
"32146","Saint Clair Shores","USA",60089,42.49,-82.89,0
"32148","Saint Cloud","USA",59074,45.55,-94.17,0
"32153","Saint George","USA",63952,37.08,-113.58,0
"32167","Saint Joseph","USA",71282,39.76,-94.82,0
"32172","Saint Louis","USA",315546,38.64,-90.24,0
"32173","Saint Louis Park","USA",44032,44.95,-93.36,0
"32180","Saint Paul","USA",272469,44.95,-93.1,0
"32184","Saint Peters","USA",54258,38.78,-90.61,0
"32186","Saint Petersburg","USA",245804,27.76,-82.64,0
"32487","Salem","USA",148942,44.92,-123.02,0
"32488","Salem","USA",42859,42.53,-70.87,0
"32508","Salina","USA",45715,38.82,-97.62,0
"32514","Salinas","USA",150050,36.68,-121.64,0
"32550","Salt Lake City","USA",177318,40.78,-111.93,0
"32693","San Angelo","USA",88143,31.45,-100.45,0
"32709","San Antonio","USA",1278171,29.46,-98.51,0
"32742","San Bernardino","USA",205743,34.14,-117.29,0
"32750","San Bruno","USA",39523,37.62,-122.43,0
"32754","San Buenaventura","USA",106518,34.27,-119.26,0
"32780","San Clemente","USA",64987,33.45,-117.61,0
"32798","San Diego","USA",1299352,32.81,-117.14,0
"32845","San Francisco","USA",723724,37.77,-122.45,0
"32863","San Gabriel","USA",41861,34.09,-118.1,0
"32939","San Jose","USA",897883,37.3,-121.85,0
"33035","San Leandro","USA",80015,37.71,-122.15,0
"33066","San Luis Obispo","USA",44098,35.27,-120.66,0
"33088","San Marcos","USA",49051,29.88,-97.93,0
"33089","San Marcos","USA",73020,33.14,-117.17,0
"33114","San Mateo","USA",89495,37.56,-122.31,0
"33220","San Rafael","USA",55133,37.98,-122.51,0
"33236","San Ramon","USA",46278,37.76,-121.95,0
"33338","Sandwich","USA",51140,41.76,-70.5,0
"33340","Sandy","USA",89698,40.57,-111.85,0
"33346","Sandy Springs","USA",96496,33.94,-84.37,0
"33348","Sanford","USA",46777,28.79,-81.28,0
"33465","Santa Ana","USA",344086,33.74,-117.88,0
"33481","Santa Barbara","USA",86115,34.43,-119.72,0
"33500","Santa Clara","USA",102178,37.37,-121.97,0
"33504","Santa Clarita","USA",172730,34.41,-118.51,0
"33526","Santa Cruz","USA",54583,36.97,-122.04,0
"33561","Santa Fe","USA",70598,35.68,-105.95,0
"33600","Santa Maria","USA",87107,34.94,-120.44,0
"33621","Santa Monica","USA",89112,34.01,-118.49,0
"33650","Santa Rosa","USA",156669,38.45,-122.7,0
"33691","Santee","USA",52505,32.86,-116.98,0
"33913","Sarasota","USA",53422,27.34,-82.55,0
"34108","Savannah","USA",124898,32.02,-81.13,0
"34174","Sayreville","USA",43390,40.47,-74.32,0
"34196","Schaumburg","USA",73071,42.03,-88.08,0
"34203","Schenectady","USA",59930,42.8,-73.93,0
"34300","Scottsdale","USA",230949,33.69,-111.87,0
"34301","Scranton","USA",72516,41.4,-75.67,0
"34311","Seattle","USA",570430,47.62,-122.35,0
"34312","Seattle Hill-Silver Firs","USA",42238,47.88,-121.16,0
"34620","Severn","USA",43718,39.14,-76.69,0
"34765","Shawnee","USA",59626,39.02,-94.8,0
"34781","Sheboygan","USA",48123,43.75,-87.73,0
"34793","Shelby","USA",76013,42.67,-83.03,0
"34797","Shelton","USA",39988,41.3,-73.14,0
"34931","Shoreline","USA",51316,47.75,-122.36,0
"34940","Shreveport","USA",196228,32.47,-93.8,0
"35068","Sierra Vista","USA",42088,31.57,-110.32,0
"35151","Silver Spring","USA",78119,39.01,-77.02,0
"35170","Simi Valley","USA",121033,34.26,-118.75,0
"35293","Sioux City","USA",82863,42.5,-96.39,0
"35294","Sioux Falls","USA",143534,43.54,-96.73,0
"35466","Skokie","USA",64350,42.04,-87.74,0
"35592","Smyrna","USA",47442,33.87,-84.52,0
"35765","Somerville","USA",74802,42.39,-71.1,0
"35919","South Bend","USA",102927,41.68,-86.27,0
"35921","South Gate","USA",100612,33.94,-118.19,0
"35922","South Hill","USA",47384,47.14,-122.27,0
"35927","South San Francisco","USA",58176,37.66,-122.42,0
"35929","South Valley","USA",39544,35.01,-106.68,0
"35930","South Whittier","USA",59657,33.93,-118.03,0
"35933","Southaven","USA",40806,34.97,-90,0
"35937","Southfield","USA",76506,42.48,-83.26,0
"35938","Southglenn","USA",41951,39.59,-104.95,0
"35969","Sparks","USA",88518,39.54,-119.74,0
"36000","Spokane","USA",197513,47.67,-117.41,0
"36007","Spring Hill","USA",103782,28.48,-82.56,0
"36008","Spring Valley","USA",176522,36.11,-115.24,0
"36011","Springdale","USA",58761,36.18,-94.15,0
"36014","Springfield","USA",116725,39.78,-89.64,0
"36015","Springfield","USA",150128,37.2,-93.29,0
"36016","Springfield","USA",152095,42.12,-72.54,0
"36017","Springfield","USA",56575,44.05,-122.98,0
"36018","Springfield","USA",63915,39.93,-83.8,0
"36081","Stamford","USA",122011,41.1,-73.55,0
"36147","State College","USA",42420,40.79,-77.86,0
"36212","Sterling","USA",56529,39.01,-77.43,0
"36213","Sterling Heights","USA",127027,42.58,-83.03,0
"36231","Stillwater","USA",43473,36.13,-97.07,0
"36252","Stockton","USA",299188,37.97,-121.31,0
"36317","Stratford","USA",51466,41.2,-73.13,0
"36354","Strongsville","USA",45073,41.31,-81.83,0
"36445","Suffolk","USA",84396,36.7,-76.64,0
"36447","Sugar Land","USA",78502,29.62,-95.62,0
"36554","Sumter","USA",40018,33.94,-80.39,0
"36557","Sun City","USA",41380,33.62,-112.28,0
"36601","Sunnyvale","USA",125486,37.39,-122.03,0
"36602","Sunrise","USA",92094,26.15,-80.3,0
"36603","Sunrise Manor","USA",195581,36.19,-115.05,0
"36663","Surprise","USA",74962,33.66,-112.47,0
"36836","Syracuse","USA",140793,43.04,-76.14,0
"36965","Tacoma","USA",197621,47.25,-122.46,0
"37177","Tallahassee","USA",154114,30.46,-84.28,0
"37209","Tamarac","USA",60021,26.2,-80.26,0
"37241","Tamiami","USA",72493,25.76,-80.4,0
"37253","Tampa","USA",328578,27.96,-82.48,0
"37553","Taunton","USA",57377,41.9,-71.09,0
"37602","Taylor","USA",64874,42.23,-83.27,0
"37603","Taylorsville","USA",58200,40.66,-111.94,0
"37645","Teaneck","USA",40197,40.89,-74.01,0
"37746","Temecula","USA",90347,33.5,-117.13,0
"37754","Tempe","USA",158313,33.39,-111.93,0
"37757","Temple","USA",55916,31.1,-97.36,0
"37878","Terre Haute","USA",56544,39.47,-87.38,0
"37926","Texas City","USA",44321,29.41,-94.96,0
"37984","The Colony","USA",45532,33.09,-96.89,0
"37986","The Hammocks","USA",75402,25.67,-80.44,0
"37990","The Woodlands","USA",80285,30.16,-95.49,0
"38047","Thornton","USA",109695,39.89,-104.96,0
"38052","Thousand Oaks","USA",130136,34.19,-118.87,0
"38122","Tigard","USA",48122,45.43,-122.77,0
"38202","Tinley Park","USA",59056,41.57,-87.8,0
"38285","Titusville","USA",43054,28.59,-80.82,0
"38453","Toledo","USA",305292,41.66,-83.58,0
"38506","Toms River","USA",127934,39.94,-74.17,0
"38516","Tonawanda CDP","USA",59175,42.98,-78.88,0
"38559","Topeka","USA",121229,39.04,-95.69,0
"38614","Torrance","USA",146264,33.83,-118.34,0
"38715","Town'n'Country","USA",80599,28.01,-82.58,0
"38717","Towson","USA",54075,39.4,-76.62,0
"38737","Tracy","USA",89639,37.74,-121.43,0
"38814","Trenton","USA",84653,40.22,-74.76,0
"38936","Troy","USA",47993,42.73,-73.68,0
"38937","Troy","USA",81296,42.58,-83.14,0
"39074","Tuckahoe","USA",43996,37.59,-77.59,0
"39075","Tucson","USA",525268,32.2,-110.89,0
"39123","Tulare","USA",51365,36.2,-119.34,0
"39134","Tulsa","USA",379833,36.13,-95.92,0
"39229","Turlock","USA",70570,37.5,-120.85,0
"39245","Tuscaloosa","USA",80164,33.24,-87.54,0
"39247","Tustin","USA",69024,33.73,-117.81,0
"39298","Twin Falls","USA",39383,42.56,-114.46,0
"39304","Tyler","USA",92155,32.33,-95.3,0
"39565","Union","USA",57198,40.7,-74.27,0
"39566","Union City","USA",65939,40.77,-74.03,0
"39567","Union City","USA",70125,37.6,-122.02,0
"39597","Upland","USA",75365,34.12,-117.66,0
"39610","Urbana","USA",39834,40.11,-88.21,0
"39724","Utica","USA",58151,43.1,-75.23,0
"39802","Vacaville","USA",98110,38.36,-121.97,0
"39913","Valdosta","USA",45909,30.85,-83.28,0
"39982","Vallejo","USA",121146,38.11,-122.26,0
"40047","Vancouver","USA",161034,45.63,-122.64,0
"40468","Vestavia Hills","USA",39397,33.43,-86.79,0
"40545","Victoria","USA",62296,28.82,-96.98,0
"40550","Victorville","USA",87903,34.52,-117.33,0
"40844","Vineland","USA",58511,39.46,-75,0
"40880","Virginia Beach","USA",453884,36.74,-76.04,0
"40901","Visalia","USA",110620,36.33,-119.32,0
"40920","Vista","USA",93266,33.19,-117.24,0
"41246","Waco","USA",119911,31.57,-97.18,0
"41359","Walnut Creek","USA",65334,37.9,-122.04,0
"41361","Walpole","USA",45127,42.14,-71.25,0
"41367","Waltham","USA",58407,42.39,-71.24,0
"41431","Warner Robins","USA",59593,32.61,-83.63,0
"41435","Warren","USA",132537,42.49,-83.03,0
"41436","Warren","USA",44933,41.24,-80.82,0
"41450","Warwick","USA",88443,41.7,-71.42,0
"41457","Washington","USA",548359,38.91,-77.02,1
"41467","Waterbury","USA",108645,41.56,-73.04,0
"41470","Waterford","USA",76204,42.66,-83.39,0
"41475","Waterloo","USA",65260,42.49,-92.35,0
"41484","Watsonville","USA",45659,36.92,-121.77,0
"41494","Waukegan","USA",93664,42.37,-87.87,0
"41495","Waukesha","USA",68725,43.01,-88.24,0
"41496","Wauwatosa","USA",45076,43.06,-88.03,0
"41505","Wayne","USA",58667,40.95,-74.25,0
"41575","Wellington","USA",56712,26.66,-80.25,0
"41617","West Allis","USA",58958,43.01,-88.03,0
"41618","West Babylon","USA",43595,40.71,-73.36,0
"41620","West Bloomfield Township","USA",70520,42.57,-83.38,0
"41623","West Covina","USA",110646,34.05,-117.91,0
"41624","West Des Moines","USA",57126,41.57,-93.75,0
"41626","West Hartford","USA",67156,41.77,-72.75,0
"41627","West Haven","USA",53545,41.27,-72.97,0
"41628","West Jordan","USA",105629,40.6,-111.99,0
"41630","West New York","USA",46091,40.77,-73.98,0
"41631","West Orange","USA",48754,40.79,-74.26,0
"41632","West Palm Beach","USA",95924,26.75,-80.13,0
"41633","West Sacramento","USA",43656,38.56,-121.55,0
"41634","West Seneca","USA",44418,42.84,-78.75,0
"41635","West Valley City","USA",113989,40.69,-112.01,0
"41636","Westborough","USA",41520,42.27,-71.62,0
"41643","Westfield","USA",41068,42.14,-72.76,0
"41647","Westland","USA",84414,42.32,-83.38,0
"41649","Westminster","USA",104708,39.88,-105.05,0
"41650","Westminster","USA",90187,33.75,-117.99,0
"41651","Weston","USA",72902,26.1,-80.4,0
"41673","Weymouth","USA",54444,42.21,-70.95,0
"41679","Wheaton","USA",54365,41.86,-88.11,0
"41680","Wheaton-Glenmont","USA",61095,39.06,-77.05,0
"41688","White Plains","USA",58084,41.02,-73.76,0
"41697","Whittier","USA",86182,33.97,-118.02,0
"41705","Wichita","USA",356051,37.69,-97.34,0
"41706","Wichita Falls","USA",100616,33.9,-98.52,0
"41740","Wilkes-Barre","USA",40242,41.25,-75.88,0
"41749","Wilmington","USA",71065,39.74,-75.53,0
"41750","Wilmington","USA",93097,34.21,-77.91,0
"41753","Wilson","USA",47191,35.73,-77.92,0
"41781","Winston-Salem","USA",194826,36.1,-80.26,0
"41865","Woodbury","USA",52052,44.91,-92.92,0
"41868","Woodland","USA",52266,38.68,-121.77,0
"41873","Woonsocket","USA",46297,42,-71.5,0
"41879","Worcester","USA",177973,42.27,-71.81,0
"41938","Wyoming","USA",70474,42.89,-85.7,0
"42109","Yakima","USA",89815,46.59,-120.53,0
"42442","Yonkers","USA",198045,40.95,-73.87,0
"42446","Yorba Linda","USA",65932,33.89,-117.77,0
"42468","Youngstown","USA",76590,41.1,-80.65,0
"42486","Yuba City","USA",54086,39.14,-121.62,0
"42487","Yucaipa","USA",52333,34.03,-117.04,0
"42503","Yuma","USA",85720,32.68,-114.62,0
